key,value
ISO3,BWA
HDR Country Name,Botswana
Human Development Groups,High
UNDP Developeing Regions,SSA
HDI Rank (2022),114
Human Development Index (value) (1990),0.587
Human Development Index (value) (1991),0.588
Human Development Index (value) (1992),0.585
Human Development Index (value) (1993),0.586
Human Development Index (value) (1994),0.576
Human Development Index (value) (1995),0.58
Human Development Index (value) (1996),0.58
Human Development Index (value) (1997),0.582
Human Development Index (value) (1998),0.581
Human Development Index (value) (1999),0.583
Human Development Index (value) (2000),0.581
Human Development Index (value) (2001),0.581
Human Development Index (value) (2002),0.579
Human Development Index (value) (2003),0.585
Human Development Index (value) (2004),0.591
Human Development Index (value) (2005),0.601
Human Development Index (value) (2006),0.615
Human Development Index (value) (2007),0.629
Human Development Index (value) (2008),0.637
Human Development Index (value) (2009),0.639
Human Development Index (value) (2010),0.652
Human Development Index (value) (2011),0.66
Human Development Index (value) (2012),0.664
Human Development Index (value) (2013),0.676
Human Development Index (value) (2014),0.683
Human Development Index (value) (2015),0.688
Human Development Index (value) (2016),0.697
Human Development Index (value) (2017),0.705
Human Development Index (value) (2018),0.7
Human Development Index (value) (2019),0.703
Human Development Index (value) (2020),0.701
Human Development Index (value) (2021),0.68
Human Development Index (value) (2022),0.708
Life Expectancy at Birth (years) (1990),60.533
Life Expectancy at Birth (years) (1991),59.473
Life Expectancy at Birth (years) (1992),58.348
Life Expectancy at Birth (years) (1993),57.719
Life Expectancy at Birth (years) (1994),56.154
Life Expectancy at Birth (years) (1995),55.059
Life Expectancy at Birth (years) (1996),54.357
Life Expectancy at Birth (years) (1997),53.448
Life Expectancy at Birth (years) (1998),52.523
Life Expectancy at Birth (years) (1999),51.694
Life Expectancy at Birth (years) (2000),51.011
Life Expectancy at Birth (years) (2001),50.676
Life Expectancy at Birth (years) (2002),50.632
Life Expectancy at Birth (years) (2003),50.947
Life Expectancy at Birth (years) (2004),51.617
Life Expectancy at Birth (years) (2005),52.61
Life Expectancy at Birth (years) (2006),53.918
Life Expectancy at Birth (years) (2007),55.732
Life Expectancy at Birth (years) (2008),57.121
Life Expectancy at Birth (years) (2009),58.279
Life Expectancy at Birth (years) (2010),60.013
Life Expectancy at Birth (years) (2011),60.53
Life Expectancy at Birth (years) (2012),60.8
Life Expectancy at Birth (years) (2013),61.996
Life Expectancy at Birth (years) (2014),62.608
Life Expectancy at Birth (years) (2015),63.818
Life Expectancy at Birth (years) (2016),65.464
Life Expectancy at Birth (years) (2017),66.753
Life Expectancy at Birth (years) (2018),65.422
Life Expectancy at Birth (years) (2019),65.464
Life Expectancy at Birth (years) (2020),65.647
Life Expectancy at Birth (years) (2021),61.141
Life Expectancy at Birth (years) (2022),65.913
Expected Years of Schooling (years) (1990),10.59220615
Expected Years of Schooling (years) (1991),10.55210972
Expected Years of Schooling (years) (1992),10.51216507
Expected Years of Schooling (years) (1993),10.47222042
Expected Years of Schooling (years) (1994),10.34175014
Expected Years of Schooling (years) (1995),10.70094013
Expected Years of Schooling (years) (1996),10.88468329
Expected Years of Schooling (years) (1997),11.06842645
Expected Years of Schooling (years) (1998),11.25216961
Expected Years of Schooling (years) (1999),11.63829994
Expected Years of Schooling (years) (2000),11.74394989
Expected Years of Schooling (years) (2001),11.72593021
Expected Years of Schooling (years) (2002),11.53738022
Expected Years of Schooling (years) (2003),11.59051991
Expected Years of Schooling (years) (2004),11.60266972
Expected Years of Schooling (years) (2005),11.6691103
Expected Years of Schooling (years) (2006),11.83510971
Expected Years of Schooling (years) (2007),11.79946041
Expected Years of Schooling (years) (2008),11.72972965
Expected Years of Schooling (years) (2009),11.70634123
Expected Years of Schooling (years) (2010),11.68295281
Expected Years of Schooling (years) (2011),11.65956439
Expected Years of Schooling (years) (2012),11.63617596
Expected Years of Schooling (years) (2013),11.61278754
Expected Years of Schooling (years) (2014),11.58939912
Expected Years of Schooling (years) (2015),11.5660107
Expected Years of Schooling (years) (2016),11.54262227
Expected Years of Schooling (years) (2017),11.51923385
Expected Years of Schooling (years) (2018),11.49584543
Expected Years of Schooling (years) (2019),11.47245701
Expected Years of Schooling (years) (2020),11.44906858
Expected Years of Schooling (years) (2021),11.42568016
Expected Years of Schooling (years) (2022),11.42568016
Mean Years of Schooling (years) (1990),5.52
Mean Years of Schooling (years) (1991),5.758
Mean Years of Schooling (years) (1992),5.996
Mean Years of Schooling (years) (1993),6.234
Mean Years of Schooling (years) (1994),6.472
Mean Years of Schooling (years) (1995),6.71
Mean Years of Schooling (years) (1996),6.89
Mean Years of Schooling (years) (1997),7.07
Mean Years of Schooling (years) (1998),7.25
Mean Years of Schooling (years) (1999),7.43
Mean Years of Schooling (years) (2000),7.61
Mean Years of Schooling (years) (2001),7.744
Mean Years of Schooling (years) (2002),7.878
Mean Years of Schooling (years) (2003),8.012
Mean Years of Schooling (years) (2004),8.146
Mean Years of Schooling (years) (2005),8.28
Mean Years of Schooling (years) (2006),8.398
Mean Years of Schooling (years) (2007),8.516
Mean Years of Schooling (years) (2008),8.634
Mean Years of Schooling (years) (2009),8.752
Mean Years of Schooling (years) (2010),8.87
Mean Years of Schooling (years) (2011),9.1
Mean Years of Schooling (years) (2012),9.33
Mean Years of Schooling (years) (2013),9.56
Mean Years of Schooling (years) (2014),9.79
Mean Years of Schooling (years) (2015),10.02
Mean Years of Schooling (years) (2016),10.1
Mean Years of Schooling (years) (2017),10.18
Mean Years of Schooling (years) (2018),10.26
Mean Years of Schooling (years) (2019),10.34
Mean Years of Schooling (years) (2020),10.42
Mean Years of Schooling (years) (2021),10.42
Mean Years of Schooling (years) (2022),10.42
Gross National Income Per Capita (2017 PPP$) (1990),8945.25068
Gross National Income Per Capita (2017 PPP$) (1991),9616.017456
Gross National Income Per Capita (2017 PPP$) (1992),9685.754105
Gross National Income Per Capita (2017 PPP$) (1993),9867.230002
Gross National Income Per Capita (2017 PPP$) (1994),9169.908136
Gross National Income Per Capita (2017 PPP$) (1995),9857.028923
Gross National Income Per Capita (2017 PPP$) (1996),9833.966032
Gross National Income Per Capita (2017 PPP$) (1997),10593.58067
Gross National Income Per Capita (2017 PPP$) (1998),10804.31476
Gross National Income Per Capita (2017 PPP$) (1999),11018.7782
Gross National Income Per Capita (2017 PPP$) (2000),10909.68254
Gross National Income Per Capita (2017 PPP$) (2001),11010.19943
Gross National Income Per Capita (2017 PPP$) (2002),10678.78811
Gross National Income Per Capita (2017 PPP$) (2003),11267.13986
Gross National Income Per Capita (2017 PPP$) (2004),11256.24942
Gross National Income Per Capita (2017 PPP$) (2005),11696.33028
Gross National Income Per Capita (2017 PPP$) (2006),12687.61584
Gross National Income Per Capita (2017 PPP$) (2007),13360.26519
Gross National Income Per Capita (2017 PPP$) (2008),13318.67583
Gross National Income Per Capita (2017 PPP$) (2009),11578.69125
Gross National Income Per Capita (2017 PPP$) (2010),12163.34347
Gross National Income Per Capita (2017 PPP$) (2011),13102.02839
Gross National Income Per Capita (2017 PPP$) (2012),13117.66171
Gross National Income Per Capita (2017 PPP$) (2013),14048.25315
Gross National Income Per Capita (2017 PPP$) (2014),14333.86058
Gross National Income Per Capita (2017 PPP$) (2015),13229.50958
Gross National Income Per Capita (2017 PPP$) (2016),13070.81484
Gross National Income Per Capita (2017 PPP$) (2017),13397.86059
Gross National Income Per Capita (2017 PPP$) (2018),13534.68646
Gross National Income Per Capita (2017 PPP$) (2019),14328.00939
Gross National Income Per Capita (2017 PPP$) (2020),13261.31862
Gross National Income Per Capita (2017 PPP$) (2021),14101.88489
Gross National Income Per Capita (2017 PPP$) (2022),14841.57836
GDI Group (2022),1
Gender Development Index (value) (1990),0.942
Gender Development Index (value) (1991),0.945
Gender Development Index (value) (1992),0.953
Gender Development Index (value) (1993),0.951
Gender Development Index (value) (1994),0.972
Gender Development Index (value) (1995),0.968
Gender Development Index (value) (1996),0.965
Gender Development Index (value) (1997),0.955
Gender Development Index (value) (1998),0.971
Gender Development Index (value) (1999),0.961
Gender Development Index (value) (2000),0.957
Gender Development Index (value) (2001),0.942
Gender Development Index (value) (2002),0.95
Gender Development Index (value) (2003),0.957
Gender Development Index (value) (2004),0.949
Gender Development Index (value) (2005),0.949
Gender Development Index (value) (2006),0.947
Gender Development Index (value) (2007),0.942
Gender Development Index (value) (2008),0.945
Gender Development Index (value) (2009),0.956
Gender Development Index (value) (2010),0.972
Gender Development Index (value) (2011),0.98
Gender Development Index (value) (2012),0.966
Gender Development Index (value) (2013),0.981
Gender Development Index (value) (2014),0.98
Gender Development Index (value) (2015),0.977
Gender Development Index (value) (2016),0.98
Gender Development Index (value) (2017),0.982
Gender Development Index (value) (2018),0.973
Gender Development Index (value) (2019),0.978
Gender Development Index (value) (2020),0.988
Gender Development Index (value) (2021),0.998
Gender Development Index (value) (2022),0.998
HDI female (1990),0.566156147
HDI female (1991),0.568044806
HDI female (1992),0.568419362
HDI female (1993),0.568668942
HDI female (1994),0.567219655
HDI female (1995),0.569156688
HDI female (1996),0.568570908
HDI female (1997),0.566938223
HDI female (1998),0.572212521
HDI female (1999),0.570581489
HDI female (2000),0.567603982
HDI female (2001),0.561837809
HDI female (2002),0.562964234
HDI female (2003),0.571549569
HDI female (2004),0.574482227
HDI female (2005),0.583677338
HDI female (2006),0.597472099
HDI female (2007),0.608752654
HDI female (2008),0.618155072
HDI female (2009),0.623912709
HDI female (2010),0.642660167
HDI female (2011),0.65369197
HDI female (2012),0.652333016
HDI female (2013),0.669573616
HDI female (2014),0.675613607
HDI female (2015),0.679366439
HDI female (2016),0.688888945
HDI female (2017),0.698012758
HDI female (2018),0.689206582
HDI female (2019),0.69437336
HDI female (2020),0.696475698
HDI female (2021),0.679303741
HDI female (2022),0.706553532
"Life Expectancy at Birth, female (years) (1990)",64.037
"Life Expectancy at Birth, female (years) (1991)",63.018
"Life Expectancy at Birth, female (years) (1992)",61.862
"Life Expectancy at Birth, female (years) (1993)",60.67
"Life Expectancy at Birth, female (years) (1994)",59.507
"Life Expectancy at Birth, female (years) (1995)",58.225
"Life Expectancy at Birth, female (years) (1996)",57.032
"Life Expectancy at Birth, female (years) (1997)",55.807
"Life Expectancy at Birth, female (years) (1998)",54.662
"Life Expectancy at Birth, female (years) (1999)",53.651
"Life Expectancy at Birth, female (years) (2000)",52.84
"Life Expectancy at Birth, female (years) (2001)",52.448
"Life Expectancy at Birth, female (years) (2002)",52.388
"Life Expectancy at Birth, female (years) (2003)",52.648
"Life Expectancy at Birth, female (years) (2004)",53.276
"Life Expectancy at Birth, female (years) (2005)",54.383
"Life Expectancy at Birth, female (years) (2006)",55.147
"Life Expectancy at Birth, female (years) (2007)",56.99
"Life Expectancy at Birth, female (years) (2008)",58.443
"Life Expectancy at Birth, female (years) (2009)",60.03
"Life Expectancy at Birth, female (years) (2010)",61.829
"Life Expectancy at Birth, female (years) (2011)",62.816
"Life Expectancy at Birth, female (years) (2012)",62.928
"Life Expectancy at Birth, female (years) (2013)",64.637
"Life Expectancy at Birth, female (years) (2014)",65.391
"Life Expectancy at Birth, female (years) (2015)",66.284
"Life Expectancy at Birth, female (years) (2016)",68.059
"Life Expectancy at Birth, female (years) (2017)",69.428
"Life Expectancy at Birth, female (years) (2018)",67.371
"Life Expectancy at Birth, female (years) (2019)",67.891
"Life Expectancy at Birth, female (years) (2020)",68.051
"Life Expectancy at Birth, female (years) (2021)",63.594
"Life Expectancy at Birth, female (years) (2022)",68.399
"Expected Years of Schooling, female (years) (1990)",10.72190866
"Expected Years of Schooling, female (years) (1991)",10.62376022
"Expected Years of Schooling, female (years) (1992)",10.52651024
"Expected Years of Schooling, female (years) (1993)",10.42926025
"Expected Years of Schooling, female (years) (1994)",10.23869991
"Expected Years of Schooling, female (years) (1995)",10.61507034
"Expected Years of Schooling, female (years) (1996)",10.82032363
"Expected Years of Schooling, female (years) (1997)",11.02557691
"Expected Years of Schooling, female (years) (1998)",11.23083019
"Expected Years of Schooling, female (years) (1999)",11.5583601
"Expected Years of Schooling, female (years) (2000)",11.69571972
"Expected Years of Schooling, female (years) (2001)",11.70831013
"Expected Years of Schooling, female (years) (2002)",11.51480961
"Expected Years of Schooling, female (years) (2003)",11.58080959
"Expected Years of Schooling, female (years) (2004)",11.58576965
"Expected Years of Schooling, female (years) (2005)",11.64752007
"Expected Years of Schooling, female (years) (2006)",11.81962013
"Expected Years of Schooling, female (years) (2007)",11.81650143
"Expected Years of Schooling, female (years) (2008)",11.81338272
"Expected Years of Schooling, female (years) (2009)",11.81026402
"Expected Years of Schooling, female (years) (2010)",11.80714531
"Expected Years of Schooling, female (years) (2011)",11.8040266
"Expected Years of Schooling, female (years) (2012)",11.8009079
"Expected Years of Schooling, female (years) (2013)",11.79778919
"Expected Years of Schooling, female (years) (2014)",11.79467049
"Expected Years of Schooling, female (years) (2015)",11.79155178
"Expected Years of Schooling, female (years) (2016)",11.78843307
"Expected Years of Schooling, female (years) (2017)",11.78531437
"Expected Years of Schooling, female (years) (2018)",11.78219566
"Expected Years of Schooling, female (years) (2019)",11.77907696
"Expected Years of Schooling, female (years) (2020)",11.77595825
"Expected Years of Schooling, female (years) (2021)",11.77283955
"Expected Years of Schooling, female (years) (2022)",11.77283955
"Mean Years of Schooling, female (years) (1990)",5.11
"Mean Years of Schooling, female (years) (1991)",5.428
"Mean Years of Schooling, female (years) (1992)",5.746
"Mean Years of Schooling, female (years) (1993)",6.064
"Mean Years of Schooling, female (years) (1994)",6.47
"Mean Years of Schooling, female (years) (1995)",6.7
"Mean Years of Schooling, female (years) (1996)",6.874
"Mean Years of Schooling, female (years) (1997)",7.048
"Mean Years of Schooling, female (years) (1998)",7.222
"Mean Years of Schooling, female (years) (1999)",7.396
"Mean Years of Schooling, female (years) (2000)",7.57
"Mean Years of Schooling, female (years) (2001)",7.692
"Mean Years of Schooling, female (years) (2002)",7.814
"Mean Years of Schooling, female (years) (2003)",7.936
"Mean Years of Schooling, female (years) (2004)",8.058
"Mean Years of Schooling, female (years) (2005)",8.18
"Mean Years of Schooling, female (years) (2006)",8.28
"Mean Years of Schooling, female (years) (2007)",8.38
"Mean Years of Schooling, female (years) (2008)",8.48
"Mean Years of Schooling, female (years) (2009)",8.58
"Mean Years of Schooling, female (years) (2010)",8.68
"Mean Years of Schooling, female (years) (2011)",8.93
"Mean Years of Schooling, female (years) (2012)",9.18
"Mean Years of Schooling, female (years) (2013)",9.43
"Mean Years of Schooling, female (years) (2014)",9.68
"Mean Years of Schooling, female (years) (2015)",9.93
"Mean Years of Schooling, female (years) (2016)",10.016
"Mean Years of Schooling, female (years) (2017)",10.102
"Mean Years of Schooling, female (years) (2018)",10.188
"Mean Years of Schooling, female (years) (2019)",10.274
"Mean Years of Schooling, female (years) (2020)",10.36
"Mean Years of Schooling, female (years) (2021)",10.36
"Mean Years of Schooling, female (years) (2022)",10.36
"Gross National Income Per Capita, female (2017 PPP$) (1990)",5545.713505
"Gross National Income Per Capita, female (2017 PPP$) (1991)",5968.995591
"Gross National Income Per Capita, female (2017 PPP$) (1992)",6335.477482
"Gross National Income Per Capita, female (2017 PPP$) (1993)",6770.435105
"Gross National Income Per Capita, female (2017 PPP$) (1994)",6964.217801
"Gross National Income Per Capita, female (2017 PPP$) (1995)",7264.140331
"Gross National Income Per Capita, female (2017 PPP$) (1996)",7548.577744
"Gross National Income Per Capita, female (2017 PPP$) (1997)",7747.948494
"Gross National Income Per Capita, female (2017 PPP$) (1998)",9326.02791
"Gross National Income Per Capita, female (2017 PPP$) (1999)",9190.943754
"Gross National Income Per Capita, female (2017 PPP$) (2000)",8941.073325
"Gross National Income Per Capita, female (2017 PPP$) (2001)",7993.446629
"Gross National Income Per Capita, female (2017 PPP$) (2002)",8363.121288
"Gross National Income Per Capita, female (2017 PPP$) (2003)",9424.224432
"Gross National Income Per Capita, female (2017 PPP$) (2004)",8910.41848
"Gross National Income Per Capita, female (2017 PPP$) (2005)",9013.334895
"Gross National Income Per Capita, female (2017 PPP$) (2006)",10476.86467
"Gross National Income Per Capita, female (2017 PPP$) (2007)",10276.42853
"Gross National Income Per Capita, female (2017 PPP$) (2008)",10247.32097
"Gross National Income Per Capita, female (2017 PPP$) (2009)",9320.301575
"Gross National Income Per Capita, female (2017 PPP$) (2010)",11043.21552
"Gross National Income Per Capita, female (2017 PPP$) (2011)",11744.55753
"Gross National Income Per Capita, female (2017 PPP$) (2012)",10581.9633
"Gross National Income Per Capita, female (2017 PPP$) (2013)",11846.53838
"Gross National Income Per Capita, female (2017 PPP$) (2014)",11647.35527
"Gross National Income Per Capita, female (2017 PPP$) (2015)",10770.38086
"Gross National Income Per Capita, female (2017 PPP$) (2016)",10660.48715
"Gross National Income Per Capita, female (2017 PPP$) (2017)",10947.33824
"Gross National Income Per Capita, female (2017 PPP$) (2018)",11079.71349
"Gross National Income Per Capita, female (2017 PPP$) (2019)",11437.27019
"Gross National Income Per Capita, female (2017 PPP$) (2020)",11513.89001
"Gross National Income Per Capita, female (2017 PPP$) (2021)",13188.27265
"Gross National Income Per Capita, female (2017 PPP$) (2022)",13675.9711
HDI male (1990),0.601129771
HDI male (1991),0.600900062
HDI male (1992),0.59667717
HDI male (1993),0.598057648
HDI male (1994),0.583590424
HDI male (1995),0.5876967
HDI male (1996),0.589013561
HDI male (1997),0.593572037
HDI male (1998),0.589261537
HDI male (1999),0.593759598
HDI male (2000),0.593229267
HDI male (2001),0.596182318
HDI male (2002),0.592841001
HDI male (2003),0.597301589
HDI male (2004),0.605128472
HDI male (2005),0.615215186
HDI male (2006),0.630622824
HDI male (2007),0.646159249
HDI male (2008),0.653821891
HDI male (2009),0.652675345
HDI male (2010),0.66091121
HDI male (2011),0.667122814
HDI male (2012),0.674985708
HDI male (2013),0.682482902
HDI male (2014),0.689158886
HDI male (2015),0.695386446
HDI male (2016),0.703005212
HDI male (2017),0.710590442
HDI male (2018),0.70810462
HDI male (2019),0.709801632
HDI male (2020),0.704786327
HDI male (2021),0.680547182
HDI male (2022),0.70818007
"Life Expectancy at Birth, male (years) (1990)",57.057
"Life Expectancy at Birth, male (years) (1991)",55.968
"Life Expectancy at Birth, male (years) (1992)",54.865
"Life Expectancy at Birth, male (years) (1993)",54.749
"Life Expectancy at Birth, male (years) (1994)",52.848
"Life Expectancy at Birth, male (years) (1995)",51.927
"Life Expectancy at Birth, male (years) (1996)",51.669
"Life Expectancy at Birth, male (years) (1997)",51.054
"Life Expectancy at Birth, male (years) (1998)",50.342
"Life Expectancy at Birth, male (years) (1999)",49.692
"Life Expectancy at Birth, male (years) (2000)",49.136
"Life Expectancy at Birth, male (years) (2001)",48.86
"Life Expectancy at Birth, male (years) (2002)",48.837
"Life Expectancy at Birth, male (years) (2003)",49.199
"Life Expectancy at Birth, male (years) (2004)",49.902
"Life Expectancy at Birth, male (years) (2005)",50.783
"Life Expectancy at Birth, male (years) (2006)",52.596
"Life Expectancy at Birth, male (years) (2007)",54.371
"Life Expectancy at Birth, male (years) (2008)",55.689
"Life Expectancy at Birth, male (years) (2009)",56.431
"Life Expectancy at Birth, male (years) (2010)",58.093
"Life Expectancy at Birth, male (years) (2011)",58.173
"Life Expectancy at Birth, male (years) (2012)",58.587
"Life Expectancy at Birth, male (years) (2013)",59.302
"Life Expectancy at Birth, male (years) (2014)",59.781
"Life Expectancy at Birth, male (years) (2015)",61.262
"Life Expectancy at Birth, male (years) (2016)",62.77
"Life Expectancy at Birth, male (years) (2017)",63.968
"Life Expectancy at Birth, male (years) (2018)",63.336
"Life Expectancy at Birth, male (years) (2019)",62.934
"Life Expectancy at Birth, male (years) (2020)",63.142
"Life Expectancy at Birth, male (years) (2021)",58.691
"Life Expectancy at Birth, male (years) (2022)",63.328
"Expected Years of Schooling, male (years) (1990)",10.46825194
"Expected Years of Schooling, male (years) (1991)",10.48915005
"Expected Years of Schooling, male (years) (1992)",10.51008987
"Expected Years of Schooling, male (years) (1993)",10.5310297
"Expected Years of Schooling, male (years) (1994)",10.4677
"Expected Years of Schooling, male (years) (1995)",10.80821037
"Expected Years of Schooling, male (years) (1996)",10.96791013
"Expected Years of Schooling, male (years) (1997)",11.12760989
"Expected Years of Schooling, male (years) (1998)",11.28730965
"Expected Years of Schooling, male (years) (1999)",11.74013042
"Expected Years of Schooling, male (years) (2000)",11.81031036
"Expected Years of Schooling, male (years) (2001)",11.75096989
"Expected Years of Schooling, male (years) (2002)",11.57229042
"Expected Years of Schooling, male (years) (2003)",11.60023022
"Expected Years of Schooling, male (years) (2004)",11.62292004
"Expected Years of Schooling, male (years) (2005)",11.69400024
"Expected Years of Schooling, male (years) (2006)",11.85389996
"Expected Years of Schooling, male (years) (2007)",11.7824194
"Expected Years of Schooling, male (years) (2008)",11.64607658
"Expected Years of Schooling, male (years) (2009)",11.69925003
"Expected Years of Schooling, male (years) (2010)",11.64770006
"Expected Years of Schooling, male (years) (2011)",11.59615008
"Expected Years of Schooling, male (years) (2012)",11.54460011
"Expected Years of Schooling, male (years) (2013)",11.49305013
"Expected Years of Schooling, male (years) (2014)",11.44150016
"Expected Years of Schooling, male (years) (2015)",11.38995018
"Expected Years of Schooling, male (years) (2016)",11.3384002
"Expected Years of Schooling, male (years) (2017)",11.28685023
"Expected Years of Schooling, male (years) (2018)",11.23530025
"Expected Years of Schooling, male (years) (2019)",11.18375028
"Expected Years of Schooling, male (years) (2020)",11.1322003
"Expected Years of Schooling, male (years) (2021)",11.08065033
"Expected Years of Schooling, male (years) (2022)",11.08065033
"Mean Years of Schooling, male (years) (1990)",5.93
"Mean Years of Schooling, male (years) (1991)",6.088
"Mean Years of Schooling, male (years) (1992)",6.246
"Mean Years of Schooling, male (years) (1993)",6.404
"Mean Years of Schooling, male (years) (1994)",6.562
"Mean Years of Schooling, male (years) (1995)",6.72
"Mean Years of Schooling, male (years) (1996)",6.908
"Mean Years of Schooling, male (years) (1997)",7.096
"Mean Years of Schooling, male (years) (1998)",7.284
"Mean Years of Schooling, male (years) (1999)",7.472
"Mean Years of Schooling, male (years) (2000)",7.66
"Mean Years of Schooling, male (years) (2001)",7.808
"Mean Years of Schooling, male (years) (2002)",7.956
"Mean Years of Schooling, male (years) (2003)",8.104
"Mean Years of Schooling, male (years) (2004)",8.252
"Mean Years of Schooling, male (years) (2005)",8.4
"Mean Years of Schooling, male (years) (2006)",8.532
"Mean Years of Schooling, male (years) (2007)",8.664
"Mean Years of Schooling, male (years) (2008)",8.796
"Mean Years of Schooling, male (years) (2009)",8.928
"Mean Years of Schooling, male (years) (2010)",9.06
"Mean Years of Schooling, male (years) (2011)",9.27
"Mean Years of Schooling, male (years) (2012)",9.48
"Mean Years of Schooling, male (years) (2013)",9.69
"Mean Years of Schooling, male (years) (2014)",9.9
"Mean Years of Schooling, male (years) (2015)",10.11
"Mean Years of Schooling, male (years) (2016)",10.182
"Mean Years of Schooling, male (years) (2017)",10.254
"Mean Years of Schooling, male (years) (2018)",10.326
"Mean Years of Schooling, male (years) (2019)",10.398
"Mean Years of Schooling, male (years) (2020)",10.47
"Mean Years of Schooling, male (years) (2021)",10.47
"Mean Years of Schooling, male (years) (2022)",10.47
"Gross National Income Per Capita, male (2017 PPP$) (1990)",12617.48464
"Gross National Income Per Capita, male (2017 PPP$) (1991)",13565.84376
"Gross National Income Per Capita, male (2017 PPP$) (1992)",13313.7786
"Gross National Income Per Capita, male (2017 PPP$) (1993)",13211.15316
"Gross National Income Per Capita, male (2017 PPP$) (1994)",11545.24059
"Gross National Income Per Capita, male (2017 PPP$) (1995)",12642.86219
"Gross National Income Per Capita, male (2017 PPP$) (1996)",12283.64071
"Gross National Income Per Capita, male (2017 PPP$) (1997)",13636.17628
"Gross National Income Per Capita, male (2017 PPP$) (1998)",12380.88303
"Gross National Income Per Capita, male (2017 PPP$) (1999)",12963.09141
"Gross National Income Per Capita, male (2017 PPP$) (2000)",12998.35138
"Gross National Income Per Capita, male (2017 PPP$) (2001)",14202.93224
"Gross National Income Per Capita, male (2017 PPP$) (2002)",13123.59767
"Gross National Income Per Capita, male (2017 PPP$) (2003)",13208.21546
"Gross National Income Per Capita, male (2017 PPP$) (2004)",13721.21391
"Gross National Income Per Capita, male (2017 PPP$) (2005)",14509.09159
"Gross National Income Per Capita, male (2017 PPP$) (2006)",14999.36992
"Gross National Income Per Capita, male (2017 PPP$) (2007)",16575.86309
"Gross National Income Per Capita, male (2017 PPP$) (2008)",16512.54037
"Gross National Income Per Capita, male (2017 PPP$) (2009)",13921.62046
"Gross National Income Per Capita, male (2017 PPP$) (2010)",13323.14606
"Gross National Income Per Capita, male (2017 PPP$) (2011)",14505.68721
"Gross National Income Per Capita, male (2017 PPP$) (2012)",15737.30224
"Gross National Income Per Capita, male (2017 PPP$) (2013)",16321.37469
"Gross National Income Per Capita, male (2017 PPP$) (2014)",17106.34642
"Gross National Income Per Capita, male (2017 PPP$) (2015)",15765.72008
"Gross National Income Per Capita, male (2017 PPP$) (2016)",15554.45905
"Gross National Income Per Capita, male (2017 PPP$) (2017)",15920.49437
"Gross National Income Per Capita, male (2017 PPP$) (2018)",16058.82217
"Gross National Income Per Capita, male (2017 PPP$) (2019)",17296.801
"Gross National Income Per Capita, male (2017 PPP$) (2020)",15054.61364
"Gross National Income Per Capita, male (2017 PPP$) (2021)",15039.05934
"Gross National Income Per Capita, male (2017 PPP$) (2022)",16036.5159
Inequality-adjusted Human Development Index (value) (2010),
Inequality-adjusted Human Development Index (value) (2011),
Inequality-adjusted Human Development Index (value) (2012),
Inequality-adjusted Human Development Index (value) (2013),
Inequality-adjusted Human Development Index (value) (2014),
Inequality-adjusted Human Development Index (value) (2015),0.447
Inequality-adjusted Human Development Index (value) (2016),0.477
Inequality-adjusted Human Development Index (value) (2017),0.484
Inequality-adjusted Human Development Index (value) (2018),0.48
Inequality-adjusted Human Development Index (value) (2019),0.483
Inequality-adjusted Human Development Index (value) (2020),0.483
Inequality-adjusted Human Development Index (value) (2021),0.469
Inequality-adjusted Human Development Index (value) (2022),0.488
Coefficient of human inequality (2010),
Coefficient of human inequality (2011),
Coefficient of human inequality (2012),
Coefficient of human inequality (2013),
Coefficient of human inequality (2014),
Coefficient of human inequality (2015),33.416973
Coefficient of human inequality (2016),30.67248833
Coefficient of human inequality (2017),30.461721
Coefficient of human inequality (2018),30.479746
Coefficient of human inequality (2019),30.386461
Coefficient of human inequality (2020),30.18335433
Coefficient of human inequality (2021),30.10781
Coefficient of human inequality (2022),30.117381
Overall loss (%) (2010),
Overall loss (%) (2011),
Overall loss (%) (2012),
Overall loss (%) (2013),
Overall loss (%) (2014),
Overall loss (%) (2015),35.02906977
Overall loss (%) (2016),31.56384505
Overall loss (%) (2017),31.34751773
Overall loss (%) (2018),31.42857143
Overall loss (%) (2019),31.29445235
Overall loss (%) (2020),31.09843081
Overall loss (%) (2021),31.02941176
Overall loss (%) (2022),31.07344633
Inequality in life expectancy (2010),24.608404
Inequality in life expectancy (2011),24.717669
Inequality in life expectancy (2012),24.389809
Inequality in life expectancy (2013),23.935461
Inequality in life expectancy (2014),23.983017
Inequality in life expectancy (2015),23.668249
Inequality in life expectancy (2016),23.258965
Inequality in life expectancy (2017),22.626663
Inequality in life expectancy (2018),22.680738
Inequality in life expectancy (2019),22.400883
Inequality in life expectancy (2020),21.791563
Inequality in life expectancy (2021),21.56493
Inequality in life expectancy (2022),21.593643
Inequality in eduation (2010),
Inequality in eduation (2011),
Inequality in eduation (2012),
Inequality in eduation (2013),
Inequality in eduation (2014),
Inequality in eduation (2015),23.27683
Inequality in eduation (2016),23.27683
Inequality in eduation (2017),23.27683
Inequality in eduation (2018),23.27683
Inequality in eduation (2019),23.27683
Inequality in eduation (2020),23.27683
Inequality in eduation (2021),23.27683
Inequality in eduation (2022),23.27683
Inequality in income (2010),53.30584
Inequality in income (2011),53.30584
Inequality in income (2012),53.30584
Inequality in income (2013),53.30584
Inequality in income (2014),53.30584
Inequality in income (2015),53.30584
Inequality in income (2016),45.48167
Inequality in income (2017),45.48167
Inequality in income (2018),45.48167
Inequality in income (2019),45.48167
Inequality in income (2020),45.48167
Inequality in income (2021),45.48167
Inequality in income (2022),45.48167
GII Rank (2022),120
Gender Inequality Index (value) (1990),0.593
Gender Inequality Index (value) (1991),0.587
Gender Inequality Index (value) (1992),0.578
Gender Inequality Index (value) (1993),0.565
Gender Inequality Index (value) (1994),0.555
Gender Inequality Index (value) (1995),0.542
Gender Inequality Index (value) (1996),0.536
Gender Inequality Index (value) (1997),0.533
Gender Inequality Index (value) (1998),0.535
Gender Inequality Index (value) (1999),0.532
Gender Inequality Index (value) (2000),0.493
Gender Inequality Index (value) (2001),0.493
Gender Inequality Index (value) (2002),0.485
Gender Inequality Index (value) (2003),0.486
Gender Inequality Index (value) (2004),0.51
Gender Inequality Index (value) (2005),0.51
Gender Inequality Index (value) (2006),0.511
Gender Inequality Index (value) (2007),0.51
Gender Inequality Index (value) (2008),0.51
Gender Inequality Index (value) (2009),0.515
Gender Inequality Index (value) (2010),0.502
Gender Inequality Index (value) (2011),0.523
Gender Inequality Index (value) (2012),0.531
Gender Inequality Index (value) (2013),0.49
Gender Inequality Index (value) (2014),0.493
Gender Inequality Index (value) (2015),0.501
Gender Inequality Index (value) (2016),0.473
Gender Inequality Index (value) (2017),0.449
Gender Inequality Index (value) (2018),0.484
Gender Inequality Index (value) (2019),0.458
Gender Inequality Index (value) (2020),0.488
Gender Inequality Index (value) (2021),0.486
Gender Inequality Index (value) (2022),0.483
"Maternal Mortality Ratio (deaths per 100,000 live births) (1990)",235.1653126
"Maternal Mortality Ratio (deaths per 100,000 live births) (1991)",228.0835285
"Maternal Mortality Ratio (deaths per 100,000 live births) (1992)",224.4677107
"Maternal Mortality Ratio (deaths per 100,000 live births) (1993)",203.8217594
"Maternal Mortality Ratio (deaths per 100,000 live births) (1994)",197.7253297
"Maternal Mortality Ratio (deaths per 100,000 live births) (1995)",181.3623124
"Maternal Mortality Ratio (deaths per 100,000 live births) (1996)",184.2147845
"Maternal Mortality Ratio (deaths per 100,000 live births) (1997)",171.5028541
"Maternal Mortality Ratio (deaths per 100,000 live births) (1998)",172.9349735
"Maternal Mortality Ratio (deaths per 100,000 live births) (1999)",176.6392192
"Maternal Mortality Ratio (deaths per 100,000 live births) (2000)",181.5597253
"Maternal Mortality Ratio (deaths per 100,000 live births) (2001)",183.8637385
"Maternal Mortality Ratio (deaths per 100,000 live births) (2002)",174.1973899
"Maternal Mortality Ratio (deaths per 100,000 live births) (2003)",184.4946471
"Maternal Mortality Ratio (deaths per 100,000 live births) (2004)",196.1994523
"Maternal Mortality Ratio (deaths per 100,000 live births) (2005)",201.4597028
"Maternal Mortality Ratio (deaths per 100,000 live births) (2006)",213.0169571
"Maternal Mortality Ratio (deaths per 100,000 live births) (2007)",215.5604137
"Maternal Mortality Ratio (deaths per 100,000 live births) (2008)",221.7849481
"Maternal Mortality Ratio (deaths per 100,000 live births) (2009)",185.2719731
"Maternal Mortality Ratio (deaths per 100,000 live births) (2010)",155.8990506
"Maternal Mortality Ratio (deaths per 100,000 live births) (2011)",225.7858441
"Maternal Mortality Ratio (deaths per 100,000 live births) (2012)",260.2705682
"Maternal Mortality Ratio (deaths per 100,000 live births) (2013)",141.9763169
"Maternal Mortality Ratio (deaths per 100,000 live births) (2014)",178.5632666
"Maternal Mortality Ratio (deaths per 100,000 live births) (2015)",183.8711755
"Maternal Mortality Ratio (deaths per 100,000 live births) (2016)",134.2330435
"Maternal Mortality Ratio (deaths per 100,000 live births) (2017)",107.6300722
"Maternal Mortality Ratio (deaths per 100,000 live births) (2018)",162.267253
"Maternal Mortality Ratio (deaths per 100,000 live births) (2019)",117.8768465
"Maternal Mortality Ratio (deaths per 100,000 live births) (2020)",185.8968424
"Maternal Mortality Ratio (deaths per 100,000 live births) (2021)",185.8968424
"Maternal Mortality Ratio (deaths per 100,000 live births) (2022)",185.8968424
"Adolescent Birth Rate (births per 1,000 women ages 15-19) (1990)",101.544
"Adolescent Birth Rate (births per 1,000 women ages 15-19) (1991)",96.354
"Adolescent Birth Rate (births per 1,000 women ages 15-19) (1992)",93.775
"Adolescent Birth Rate (births per 1,000 women ages 15-19) (1993)",91.278
"Adolescent Birth Rate (births per 1,000 women ages 15-19) (1994)",87.763
"Adolescent Birth Rate (births per 1,000 women ages 15-19) (1995)",83.282
"Adolescent Birth Rate (births per 1,000 women ages 15-19) (1996)",78.799
"Adolescent Birth Rate (births per 1,000 women ages 15-19) (1997)",75.043
"Adolescent Birth Rate (births per 1,000 women ages 15-19) (1998)",72.574
"Adolescent Birth Rate (births per 1,000 women ages 15-19) (1999)",70.339
"Adolescent Birth Rate (births per 1,000 women ages 15-19) (2000)",67.562
"Adolescent Birth Rate (births per 1,000 women ages 15-19) (2001)",65.492
"Adolescent Birth Rate (births per 1,000 women ages 15-19) (2002)",63.077
"Adolescent Birth Rate (births per 1,000 women ages 15-19) (2003)",61.571
"Adolescent Birth Rate (births per 1,000 women ages 15-19) (2004)",59.931
"Adolescent Birth Rate (births per 1,000 women ages 15-19) (2005)",59.696
"Adolescent Birth Rate (births per 1,000 women ages 15-19) (2006)",58.547
"Adolescent Birth Rate (births per 1,000 women ages 15-19) (2007)",57.236
"Adolescent Birth Rate (births per 1,000 women ages 15-19) (2008)",55.484
"Adolescent Birth Rate (births per 1,000 women ages 15-19) (2009)",54.02
"Adolescent Birth Rate (births per 1,000 women ages 15-19) (2010)",52.223
"Adolescent Birth Rate (births per 1,000 women ages 15-19) (2011)",50.857
"Adolescent Birth Rate (births per 1,000 women ages 15-19) (2012)",50.619
"Adolescent Birth Rate (births per 1,000 women ages 15-19) (2013)",50.406
"Adolescent Birth Rate (births per 1,000 women ages 15-19) (2014)",49.512
"Adolescent Birth Rate (births per 1,000 women ages 15-19) (2015)",54.22
"Adolescent Birth Rate (births per 1,000 women ages 15-19) (2016)",49.893
"Adolescent Birth Rate (births per 1,000 women ages 15-19) (2017)",44.219
"Adolescent Birth Rate (births per 1,000 women ages 15-19) (2018)",48.812
"Adolescent Birth Rate (births per 1,000 women ages 15-19) (2019)",51.149
"Adolescent Birth Rate (births per 1,000 women ages 15-19) (2020)",50.083
"Adolescent Birth Rate (births per 1,000 women ages 15-19) (2021)",49.324
"Adolescent Birth Rate (births per 1,000 women ages 15-19) (2022)",48.343
"Share of seats in parliament, female (% held by women) (1990)",8.510638298
"Share of seats in parliament, female (% held by women) (1991)",8.510638298
"Share of seats in parliament, female (% held by women) (1992)",8.510638298
"Share of seats in parliament, female (% held by women) (1993)",8.510638298
"Share of seats in parliament, female (% held by women) (1994)",8.510638298
"Share of seats in parliament, female (% held by women) (1995)",8.510638298
"Share of seats in parliament, female (% held by women) (1996)",8.510638298
"Share of seats in parliament, female (% held by women) (1997)",8.510638298
"Share of seats in parliament, female (% held by women) (1998)",8.510638298
"Share of seats in parliament, female (% held by women) (1999)",8.510638298
"Share of seats in parliament, female (% held by women) (2000)",17.0212766
"Share of seats in parliament, female (% held by women) (2001)",17.0212766
"Share of seats in parliament, female (% held by women) (2002)",17.0212766
"Share of seats in parliament, female (% held by women) (2003)",17.0212766
"Share of seats in parliament, female (% held by women) (2004)",11.11111111
"Share of seats in parliament, female (% held by women) (2005)",11.11111111
"Share of seats in parliament, female (% held by women) (2006)",11.11111111
"Share of seats in parliament, female (% held by women) (2007)",11.11111111
"Share of seats in parliament, female (% held by women) (2008)",11.11111111
"Share of seats in parliament, female (% held by women) (2009)",7.936507937
"Share of seats in parliament, female (% held by women) (2010)",7.936507937
"Share of seats in parliament, female (% held by women) (2011)",7.936507937
"Share of seats in parliament, female (% held by women) (2012)",7.936507937
"Share of seats in parliament, female (% held by women) (2013)",7.936507937
"Share of seats in parliament, female (% held by women) (2014)",9.523809524
"Share of seats in parliament, female (% held by women) (2015)",9.523809524
"Share of seats in parliament, female (% held by women) (2016)",9.523809524
"Share of seats in parliament, female (% held by women) (2017)",9.523809524
"Share of seats in parliament, female (% held by women) (2018)",9.523809524
"Share of seats in parliament, female (% held by women) (2019)",10.76923077
"Share of seats in parliament, female (% held by women) (2020)",10.76923077
"Share of seats in parliament, female (% held by women) (2021)",10.76923077
"Share of seats in parliament, female (% held by women) (2022)",11.11111111
"Share of seats in parliament, male (% held by men) (1990)",91.4893617
"Share of seats in parliament, male (% held by men) (1991)",91.4893617
"Share of seats in parliament, male (% held by men) (1992)",91.4893617
"Share of seats in parliament, male (% held by men) (1993)",91.4893617
"Share of seats in parliament, male (% held by men) (1994)",91.4893617
"Share of seats in parliament, male (% held by men) (1995)",91.4893617
"Share of seats in parliament, male (% held by men) (1996)",91.4893617
"Share of seats in parliament, male (% held by men) (1997)",91.4893617
"Share of seats in parliament, male (% held by men) (1998)",91.4893617
"Share of seats in parliament, male (% held by men) (1999)",91.4893617
"Share of seats in parliament, male (% held by men) (2000)",82.9787234
"Share of seats in parliament, male (% held by men) (2001)",82.9787234
"Share of seats in parliament, male (% held by men) (2002)",82.9787234
"Share of seats in parliament, male (% held by men) (2003)",82.9787234
"Share of seats in parliament, male (% held by men) (2004)",88.88888889
"Share of seats in parliament, male (% held by men) (2005)",88.88888889
"Share of seats in parliament, male (% held by men) (2006)",88.88888889
"Share of seats in parliament, male (% held by men) (2007)",88.88888889
"Share of seats in parliament, male (% held by men) (2008)",88.88888889
"Share of seats in parliament, male (% held by men) (2009)",92.06349206
"Share of seats in parliament, male (% held by men) (2010)",92.06349206
"Share of seats in parliament, male (% held by men) (2011)",92.06349206
"Share of seats in parliament, male (% held by men) (2012)",92.06349206
"Share of seats in parliament, male (% held by men) (2013)",92.06349206
"Share of seats in parliament, male (% held by men) (2014)",90.47619048
"Share of seats in parliament, male (% held by men) (2015)",90.47619048
"Share of seats in parliament, male (% held by men) (2016)",90.47619048
"Share of seats in parliament, male (% held by men) (2017)",90.47619048
"Share of seats in parliament, male (% held by men) (2018)",90.47619048
"Share of seats in parliament, male (% held by men) (2019)",89.23076923
"Share of seats in parliament, male (% held by men) (2020)",89.23076923
"Share of seats in parliament, male (% held by men) (2021)",89.23076923
"Share of seats in parliament, male (% held by men) (2022)",88.88888889
"Labour force participation rate, female (% ages 15 and older) (1990)",41.68
"Labour force participation rate, female (% ages 15 and older) (1991)",41.68
"Labour force participation rate, female (% ages 15 and older) (1992)",44.62
"Labour force participation rate, female (% ages 15 and older) (1993)",47.56
"Labour force participation rate, female (% ages 15 and older) (1994)",50.5
"Labour force participation rate, female (% ages 15 and older) (1995)",48.11
"Labour force participation rate, female (% ages 15 and older) (1996)",45.71
"Labour force participation rate, female (% ages 15 and older) (1997)",46.69
"Labour force participation rate, female (% ages 15 and older) (1998)",47.67
"Labour force participation rate, female (% ages 15 and older) (1999)",48.11
"Labour force participation rate, female (% ages 15 and older) (2000)",48.54
"Labour force participation rate, female (% ages 15 and older) (2001)",46.17
"Labour force participation rate, female (% ages 15 and older) (2002)",47.48
"Labour force participation rate, female (% ages 15 and older) (2003)",48.79
"Labour force participation rate, female (% ages 15 and older) (2004)",50.11
"Labour force participation rate, female (% ages 15 and older) (2005)",51.42
"Labour force participation rate, female (% ages 15 and older) (2006)",52.73
"Labour force participation rate, female (% ages 15 and older) (2007)",53.74
"Labour force participation rate, female (% ages 15 and older) (2008)",54.75
"Labour force participation rate, female (% ages 15 and older) (2009)",55.76
"Labour force participation rate, female (% ages 15 and older) (2010)",52.87
"Labour force participation rate, female (% ages 15 and older) (2011)",56.32
"Labour force participation rate, female (% ages 15 and older) (2012)",59.77
"Labour force participation rate, female (% ages 15 and older) (2013)",63.22
"Labour force participation rate, female (% ages 15 and older) (2014)",62.49
"Labour force participation rate, female (% ages 15 and older) (2015)",61.76
"Labour force participation rate, female (% ages 15 and older) (2016)",61.03
"Labour force participation rate, female (% ages 15 and older) (2017)",60.29
"Labour force participation rate, female (% ages 15 and older) (2018)",59.56
"Labour force participation rate, female (% ages 15 and older) (2019)",58.83
"Labour force participation rate, female (% ages 15 and older) (2020)",60.91
"Labour force participation rate, female (% ages 15 and older) (2021)",59.57
"Labour force participation rate, female (% ages 15 and older) (2022)",60.06
"Labour force participation rate, male (% ages 15 and older) (1990)",75.43
"Labour force participation rate, male (% ages 15 and older) (1991)",75.43
"Labour force participation rate, male (% ages 15 and older) (1992)",74.65
"Labour force participation rate, male (% ages 15 and older) (1993)",73.88
"Labour force participation rate, male (% ages 15 and older) (1994)",73.1
"Labour force participation rate, male (% ages 15 and older) (1995)",66.58
"Labour force participation rate, male (% ages 15 and older) (1996)",60.06
"Labour force participation rate, male (% ages 15 and older) (1997)",65.17
"Labour force participation rate, male (% ages 15 and older) (1998)",70.27
"Labour force participation rate, male (% ages 15 and older) (1999)",68.95
"Labour force participation rate, male (% ages 15 and older) (2000)",67.62
"Labour force participation rate, male (% ages 15 and older) (2001)",64.95
"Labour force participation rate, male (% ages 15 and older) (2002)",65.23
"Labour force participation rate, male (% ages 15 and older) (2003)",65.51
"Labour force participation rate, male (% ages 15 and older) (2004)",65.79
"Labour force participation rate, male (% ages 15 and older) (2005)",66.07
"Labour force participation rate, male (% ages 15 and older) (2006)",66.35
"Labour force participation rate, male (% ages 15 and older) (2007)",67.43
"Labour force participation rate, male (% ages 15 and older) (2008)",68.51
"Labour force participation rate, male (% ages 15 and older) (2009)",69.59
"Labour force participation rate, male (% ages 15 and older) (2010)",66.33
"Labour force participation rate, male (% ages 15 and older) (2011)",69.83
"Labour force participation rate, male (% ages 15 and older) (2012)",73.32
"Labour force participation rate, male (% ages 15 and older) (2013)",76.82
"Labour force participation rate, male (% ages 15 and older) (2014)",75.64
"Labour force participation rate, male (% ages 15 and older) (2015)",74.47
"Labour force participation rate, male (% ages 15 and older) (2016)",73.29
"Labour force participation rate, male (% ages 15 and older) (2017)",72.11
"Labour force participation rate, male (% ages 15 and older) (2018)",70.94
"Labour force participation rate, male (% ages 15 and older) (2019)",69.76
"Labour force participation rate, male (% ages 15 and older) (2020)",72.61
"Labour force participation rate, male (% ages 15 and older) (2021)",69.71
"Labour force participation rate, male (% ages 15 and older) (2022)",69.71
Difference from HDI rank (2022),8
Planetary pressures-adjusted Human Development Index (value) (1990),0.554
Planetary pressures-adjusted Human Development Index (value) (1991),0.556
Planetary pressures-adjusted Human Development Index (value) (1992),0.551
Planetary pressures-adjusted Human Development Index (value) (1993),0.551
Planetary pressures-adjusted Human Development Index (value) (1994),0.545
Planetary pressures-adjusted Human Development Index (value) (1995),0.539
Planetary pressures-adjusted Human Development Index (value) (1996),0.554
Planetary pressures-adjusted Human Development Index (value) (1997),0.555
Planetary pressures-adjusted Human Development Index (value) (1998),0.551
Planetary pressures-adjusted Human Development Index (value) (1999),0.555
Planetary pressures-adjusted Human Development Index (value) (2000),0.552
Planetary pressures-adjusted Human Development Index (value) (2001),0.555
Planetary pressures-adjusted Human Development Index (value) (2002),0.546
Planetary pressures-adjusted Human Development Index (value) (2003),0.557
Planetary pressures-adjusted Human Development Index (value) (2004),0.567
Planetary pressures-adjusted Human Development Index (value) (2005),0.579
Planetary pressures-adjusted Human Development Index (value) (2006),0.589
Planetary pressures-adjusted Human Development Index (value) (2007),0.596
Planetary pressures-adjusted Human Development Index (value) (2008),0.604
Planetary pressures-adjusted Human Development Index (value) (2009),0.591
Planetary pressures-adjusted Human Development Index (value) (2010),0.611
Planetary pressures-adjusted Human Development Index (value) (2011),0.625
Planetary pressures-adjusted Human Development Index (value) (2012),0.624
Planetary pressures-adjusted Human Development Index (value) (2013),0.644
Planetary pressures-adjusted Human Development Index (value) (2014),0.648
Planetary pressures-adjusted Human Development Index (value) (2015),0.652
Planetary pressures-adjusted Human Development Index (value) (2016),0.659
Planetary pressures-adjusted Human Development Index (value) (2017),0.666
Planetary pressures-adjusted Human Development Index (value) (2018),0.66
Planetary pressures-adjusted Human Development Index (value) (2019),0.67
Planetary pressures-adjusted Human Development Index (value) (2020),0.669
Planetary pressures-adjusted Human Development Index (value) (2021),0.649
Planetary pressures-adjusted Human Development Index (value) (2022),0.677
Difference from HDI value (%) (1990),5.621805792
Difference from HDI value (%) (1991),5.442176871
Difference from HDI value (%) (1992),5.811965812
Difference from HDI value (%) (1993),5.972696246
Difference from HDI value (%) (1994),5.381944444
Difference from HDI value (%) (1995),7.068965517
Difference from HDI value (%) (1996),4.482758621
Difference from HDI value (%) (1997),4.639175258
Difference from HDI value (%) (1998),5.163511188
Difference from HDI value (%) (1999),4.802744425
Difference from HDI value (%) (2000),4.991394148
Difference from HDI value (%) (2001),4.475043029
Difference from HDI value (%) (2002),5.699481865
Difference from HDI value (%) (2003),4.786324786
Difference from HDI value (%) (2004),4.060913706
Difference from HDI value (%) (2005),3.660565724
Difference from HDI value (%) (2006),4.227642276
Difference from HDI value (%) (2007),5.246422893
Difference from HDI value (%) (2008),5.180533752
Difference from HDI value (%) (2009),7.511737089
Difference from HDI value (%) (2010),6.288343558
Difference from HDI value (%) (2011),5.303030303
Difference from HDI value (%) (2012),6.024096386
Difference from HDI value (%) (2013),4.733727811
Difference from HDI value (%) (2014),5.124450952
Difference from HDI value (%) (2015),5.23255814
Difference from HDI value (%) (2016),5.451936872
Difference from HDI value (%) (2017),5.531914894
Difference from HDI value (%) (2018),5.714285714
Difference from HDI value (%) (2019),4.694167852
Difference from HDI value (%) (2020),4.564907275
Difference from HDI value (%) (2021),4.558823529
Difference from HDI value (%) (2022),4.378531073
Carbon dioxide emissions per capita (production) (tonnes) (1990),2.01300957
Carbon dioxide emissions per capita (production) (tonnes) (1991),1.908177988
Carbon dioxide emissions per capita (production) (tonnes) (1992),1.954888277
Carbon dioxide emissions per capita (production) (tonnes) (1993),2.184970956
Carbon dioxide emissions per capita (production) (tonnes) (1994),2.015305172
Carbon dioxide emissions per capita (production) (tonnes) (1995),1.972488297
Carbon dioxide emissions per capita (production) (tonnes) (1996),1.741470096
Carbon dioxide emissions per capita (production) (tonnes) (1997),1.72865229
Carbon dioxide emissions per capita (production) (tonnes) (1998),2.018241238
Carbon dioxide emissions per capita (production) (tonnes) (1999),1.867154422
Carbon dioxide emissions per capita (production) (tonnes) (2000),2.187395953
Carbon dioxide emissions per capita (production) (tonnes) (2001),2.183514669
Carbon dioxide emissions per capita (production) (tonnes) (2002),2.214547136
Carbon dioxide emissions per capita (production) (tonnes) (2003),2.093862539
Carbon dioxide emissions per capita (production) (tonnes) (2004),2.095009104
Carbon dioxide emissions per capita (production) (tonnes) (2005),2.162238411
Carbon dioxide emissions per capita (production) (tonnes) (2006),2.142889733
Carbon dioxide emissions per capita (production) (tonnes) (2007),2.149643844
Carbon dioxide emissions per capita (production) (tonnes) (2008),2.243339378
Carbon dioxide emissions per capita (production) (tonnes) (2009),1.881603536
Carbon dioxide emissions per capita (production) (tonnes) (2010),2.169229857
Carbon dioxide emissions per capita (production) (tonnes) (2011),1.887877295
Carbon dioxide emissions per capita (production) (tonnes) (2012),2.33365894
Carbon dioxide emissions per capita (production) (tonnes) (2013),2.554077567
Carbon dioxide emissions per capita (production) (tonnes) (2014),3.030557748
Carbon dioxide emissions per capita (production) (tonnes) (2015),2.351756117
Carbon dioxide emissions per capita (production) (tonnes) (2016),2.698587325
Carbon dioxide emissions per capita (production) (tonnes) (2017),2.946615928
Carbon dioxide emissions per capita (production) (tonnes) (2018),3.061219078
Carbon dioxide emissions per capita (production) (tonnes) (2019),2.713163409
Carbon dioxide emissions per capita (production) (tonnes) (2020),2.179938596
Carbon dioxide emissions per capita (production) (tonnes) (2021),2.370748521
Carbon dioxide emissions per capita (production) (tonnes) (2022),2.370748521
Material footprint per capita (tonnes) (1990),11.9699
Material footprint per capita (tonnes) (1991),11.6684
Material footprint per capita (tonnes) (1992),12.7646
Material footprint per capita (tonnes) (1993),12.5678
Material footprint per capita (tonnes) (1994),11.4456
Material footprint per capita (tonnes) (1995),16.1691
Material footprint per capita (tonnes) (1996),9.4665
Material footprint per capita (tonnes) (1997),9.9191
Material footprint per capita (tonnes) (1998),10.8406
Material footprint per capita (tonnes) (1999),9.9173
Material footprint per capita (tonnes) (2000),10.1516
Material footprint per capita (tonnes) (2001),8.4877
Material footprint per capita (tonnes) (2002),11.7382
Material footprint per capita (tonnes) (2003),9.8328
Material footprint per capita (tonnes) (2004),7.694
Material footprint per capita (tonnes) (2005),6.5411
Material footprint per capita (tonnes) (2006),8.0144
Material footprint per capita (tonnes) (2007),10.7419
Material footprint per capita (tonnes) (2008),10.6789
Material footprint per capita (tonnes) (2009),17.5939
Material footprint per capita (tonnes) (2010),13.7697
Material footprint per capita (tonnes) (2011),11.6095
Material footprint per capita (tonnes) (2012),12.582
Material footprint per capita (tonnes) (2013),8.7563
Material footprint per capita (tonnes) (2014),8.7825
Material footprint per capita (tonnes) (2015),10.4392
Material footprint per capita (tonnes) (2016),10.4421
Material footprint per capita (tonnes) (2017),10.155
Material footprint per capita (tonnes) (2018),10.3672
Material footprint per capita (tonnes) (2019),8.0396
Material footprint per capita (tonnes) (2020),8.6523
Material footprint per capita (tonnes) (2021),8.4483
Material footprint per capita (tonnes) (2022),7.9684
Survey,BMTHS
Year,2015/2016
Multidimensional Poverty Index,0.073
Health,30.3
Education,16.5
Standard of living,53.2
Nutrition,28.3
Child mortality,2
Years of schooling,9.1
School attendance,7.4
Cooking fuel,12.5
Sanitation,10.7
Drinking water,3
Electricity,11.8
Housing,6.9
Assets,8.3